lodowki,cena, poj chlodziarki,poj zamrazarki
Bosch KGN36XL35,1889,237,87
Indesit LR6 S1 S,949,196,75
Samsung RB31FERNCSA,1799,206,98
Samsung RB29FSRNDSA,1449,192,98
Samsung RB31FERNDBC,1769,212,98
Bosch KGN39KL35,1999,279,87
Samsung RB37K63612C,3099,267,98
Whirlpool WNF8 T3Z X H, 1799,234,104
Samsung RB31FERNBSS,2199,206,92
Samsung Chef Collection RB41J7839S4,3599,276,130
Samsung RB29FERNCSS,1749,188,98
Amica FK239.3X,949,141,51
Samsung RS7687FHCBC,4299,359,184
Bosch KGV36KL32,1369,215,94
Samsung RB31FDRNDSA,1919,210,98


